ID;ACTION_SEQUENCE_NUMBER;ACTION;TIMEDIFF_SECS;USERNAME;ARTWORK_ID;BESCHREIBUNG
1;1;OTHER;0;ALICE;;
2;2;OTHER;20;ALICE;;
3;3;OTHER;13;ALICE;;
4;4;VIEW_ARTWORK;36;ALICE;835671998;Painting Oil and acrylic on linen on panel
5;5;OTHER;1;ALICE;;
6;6;OTHER;10;ALICE;;
7;7;VIEW_ARTWORK;2;ALICE;835672001;Painting Hand-carved relief on walnut wood, gouache and wax
8;8;VIEW_ARTWORK;4;ALICE;835672002;Painting Hand-carved relief on Xiloxochitl wood, gouache and wax
9;9;VIEW_ARTWORK;650;ALICE;835671953;Painting Polyptych of five hand-carved reliefs on walnut wood, gouache and wax
10;10;OTHER;43;ALICE;;
11;11;VIEW_ARTWORK;2;ALICE;835671861;Sculpture Fabric, acrylic blanket, wooden beads, zipper and ribbon
12;12;VIEW_ARTWORK;35;ALICE;835671812;Sculpture Fabric, wooden beads, steel wire, metal rings, nails and frame
13;13;OTHER;22;ALICE;;
14;14;OTHER;1;ALICE;;
15;15;OTHER;2;ALICE;;
16;16;OTHER;0;ALICE;;
17;17;OTHER;6;ALICE;;
18;18;VIEW_ARTWORK;1;ALICE;835671797;Painting acrylic and resin on plant fiber
19;19;VIEW_ARTWORK;2;ALICE;835671752;Installation terracotta
20;20;VIEW_ARTWORK;7;ALICE;835671852;Sculpture Colored PETG 2mm, aluminum base, aluminum fixtures, electrical fixtures
21;21;VIEW_ARTWORK;25;ALICE;835671799;Installation neon light, mirror, one-way mirror and electric energy
22;22;OTHER;136;ALICE;;
23;23;VIEW_ARTWORK;4;ALICE;835671805;Painting Gouache on inkjet on paper
24;24;VIEW_ARTWORK;2;ALICE;835671857;Work on Paper Mixed media on paper
25;25;VIEW_ARTWORK;118;ALICE;835671806;Painting Mixed media, acrylic, collage stitching on canvas
26;26;VIEW_ARTWORK;0;ALICE;835671756;Painting Oil and metalic oil on canvas
27;27;VIEW_ARTWORK;48;ALICE;835671800;
28;28;OTHER;18;ALICE;;
29;29;OTHER;1;ALICE;;
30;30;OTHER;2;ALICE;;
32;32;OTHER;4;ALICE;;
31;31;OTHER;0;ALICE;;
33;33;OTHER;2;ALICE;;
34;34;OTHER;1;ALICE;;
35;35;OTHER;1;ALICE;;
36;36;OTHER;33;ALICE;;
37;37;VIEW_ARTWORK;37;ALICE;835670625;Other Materials Paper beads on barkcloth
38;38;VIEW_ARTWORK;21;ALICE;835671642;Prints & Multiples 5 panel/9 color screenprint/36 printings
39;39;VIEW_ARTWORK;4;ALICE;835671492;Sculpture Sunglass lens, lead came
40;40;VIEW_ARTWORK;2;ALICE;835671495;Mixed Media Fitted base ball hat, zip ties, acrylic, adhesive, afro wig, clay, Ralph Lauren polo shirt, rope, locks, oil, on medicine cabinet
41;41;VIEW_ARTWORK;3;ALICE;835671465;Painting Pastel on canvas
42;42;VIEW_ARTWORK;2;ALICE;835671466;Mixed Media Cyanotype, oxford fabric, glue, rope, dried flowers, epoxy resin, felt, elastane, silicon fiber, sewing thread, silk, serigraphy ink
43;43;VIEW_ARTWORK;2;ALICE;835671418;Painting Fabric collage on canvas
44;44;VIEW_ARTWORK;4;ALICE;835671420;Painting Oil on canvas
45;45;VIEW_ARTWORK;142;ALICE;835671470;
46;46;OTHER;44;ALICE;;
47;47;VIEW_ARTWORK;5;ALICE;835671215;Mixed Media Mixed media
48;48;VIEW_ARTWORK;38;ALICE;835671323;Other Materials Hand knotted drawing on cotton fabric, wood and nails
49;49;VIEW_ARTWORK;3;ALICE;835671404;Sculpture Painted Wood
50;50;VIEW_ARTWORK;54;ALICE;835671449;Painting Oil on canvas
51;51;OTHER;1;ALICE;;
52;52;OTHER;1;ALICE;;
53;53;OTHER;2;ALICE;;
54;54;OTHER;2;ALICE;;
55;55;OTHER;1;ALICE;;
56;56;OTHER;2;ALICE;;
57;57;OTHER;1;ALICE;;
58;58;OTHER;21;ALICE;;
59;59;VIEW_ARTWORK;2;ALICE;835671221;Painting Oil and acrylic on canvas
60;60;VIEW_ARTWORK;4;ALICE;835671453;Painting Oil on canvas
61;61;VIEW_ARTWORK;2;ALICE;835671454;Painting Oil on linen
62;62;VIEW_ARTWORK;2;ALICE;835670274;Painting Oil on canvas
63;63;VIEW_ARTWORK;110;ALICE;835671410;Painting Oil on linen
64;64;VIEW_ARTWORK;1;ALICE;835670228;Painting Acrylic on canvas
65;65;VIEW_ARTWORK;3;ALICE;835670335;Painting Acrylic on canvas
66;66;VIEW_ARTWORK;81;ALICE;835670229;Painting Acrylic on wood
67;67;VIEW_ARTWORK;3;ALICE;835671343;Work on Paper gouache on paper
68;68;VIEW_ARTWORK;45;ALICE;835671338;Photography Light, water, Lambda c-type print from unique dye destruction print
69;69;VIEW_ARTWORK;46;ALICE;835672152;
70;70;OTHER;1;ALICE;;
71;71;OTHER;1;ALICE;;
72;72;OTHER;1;ALICE;;
73;73;OTHER;3;ALICE;;
74;74;OTHER;2;ALICE;;
75;75;OTHER;1;ALICE;;
76;76;OTHER;1;ALICE;;
77;77;OTHER;12;ALICE;;
78;78;VIEW_ARTWORK;1;ALICE;835671108;Painting Oil on canvas
79;79;VIEW_ARTWORK;41;ALICE;835671104;Painting Oil on canvas
80;80;VIEW_ARTWORK;3;ALICE;835671847;Painting Acrylic and oilstick on canvas
81;81;VIEW_ARTWORK;4;ALICE;835671746;Painting Tempera grassa, charcoal, and acrylic resin on jute
82;82;VIEW_ARTWORK;21;ALICE;835671748;Painting Acrylic on canvas
83;83;VIEW_ARTWORK;111;ALICE;835669795;Work on Paper Ink, colored pencil, and oil pastel on paper
84;84;VIEW_ARTWORK;41;ALICE;835670436;Photography C-Print
85;85;VIEW_ARTWORK;8;ALICE;835671012;Photography archival inkjet print
86;86;VIEW_ARTWORK;17;ALICE;835670364;Painting Acrylic on canvas
87;87;VIEW_ARTWORK;23;ALICE;835670975;Other Materials cardboard
88;88;OTHER;1;ALICE;;
89;89;OTHER;1;ALICE;;
90;90;OTHER;2;ALICE;;
91;91;OTHER;4;ALICE;;
92;92;OTHER;0;ALICE;;
93;93;OTHER;1;ALICE;;
94;94;OTHER;2;ALICE;;
95;95;OTHER;15;ALICE;;
96;96;VIEW_ARTWORK;28;ALICE;835670496;
97;97;VIEW_ARTWORK;15;ALICE;835670866;
98;98;VIEW_ARTWORK;8;ALICE;835670289;Prints & Multiples Pigmented and stenciled handmade paper
99;99;VIEW_ARTWORK;56;ALICE;835670397;Prints & Multiples Pigmented and embossed handmade paper with hand-drawn chalk pastel,colored pencil and glitter
100;100;VIEW_ARTWORK;42;ALICE;835670302;Painting Oil on linen
101;101;VIEW_ARTWORK;49;ALICE;835670760;Painting Oil, acrylic and acrylic modelling paste on canvas
102;102;OTHER;0;ALICE;;
103;103;OTHER;1;ALICE;;
104;104;OTHER;2;ALICE;;
105;105;OTHER;2;ALICE;;
106;106;OTHER;1;ALICE;;
107;107;OTHER;2;ALICE;;
108;108;OTHER;1;ALICE;;
109;109;OTHER;3;ALICE;;
110;110;OTHER;1;ALICE;;
111;111;OTHER;1;ALICE;;
112;112;OTHER;2;ALICE;;
113;113;OTHER;12;ALICE;;
114;114;VIEW_ARTWORK;16;ALICE;835670571;Work on Paper Silkscreen print on paper
115;115;VIEW_ARTWORK;50;ALICE;835667843;Painting acrylic on canvas
116;116;VIEW_ARTWORK;16;ALICE;835670930;Painting acrylic on panel
117;117;VIEW_ARTWORK;5;ALICE;835670247;Painting Oil on canvas
118;118;VIEW_ARTWORK;84;ALICE;835670250;Painting Oil on canvas
119;119;VIEW_ARTWORK;1;ALICE;835670868;Painting Oil on canvas
120;120;VIEW_ARTWORK;43;ALICE;835670867;Mixed Media LED lights, felt, aluminum
121;121;VIEW_ARTWORK;5;ALICE;835670233;Painting vinyl dispersion and dry pigment on canvas
122;122;VIEW_ARTWORK;30;ALICE;835670343;Painting oil and acrylic on canvas
123;123;OTHER;1;ALICE;;
124;124;OTHER;2;ALICE;;
125;125;OTHER;1;ALICE;;
126;126;OTHER;2;ALICE;;
127;127;OTHER;2;ALICE;;
128;128;OTHER;2;ALICE;;
129;129;OTHER;1;ALICE;;
130;130;OTHER;3;ALICE;;
131;131;OTHER;0;ALICE;;
132;132;OTHER;2;ALICE;;
133;133;OTHER;1;ALICE;;
134;134;OTHER;11;ALICE;;
135;135;VIEW_ARTWORK;20;ALICE;835669743;Painting Oil on canvas
136;136;VIEW_ARTWORK;51;ALICE;835669693;Painting acrylic on canvas
137;137;VIEW_ARTWORK;59;ALICE;835670201;Mixed Media antique quilts, assorted textiles, mixed media on fiberglass
138;138;VIEW_ARTWORK;26;ALICE;835671023;Painting Acrylic on canvas
139;139;VIEW_ARTWORK;6;ALICE;835670783;Painting Casein tempera on canvas
140;140;VIEW_ARTWORK;40;ALICE;835670885;Work on Paper Ballpoint blue pen on paper
141;141;VIEW_ARTWORK;52;ALICE;835670609;Painting oil on aluminum
142;142;VIEW_ARTWORK;5;ALICE;835668193;Painting Pigment on canvas
143;143;VIEW_ARTWORK;84;ALICE;835670292;Painting Acrylic paint, fabric, thread, dyed canvas, painted canvas on canvas
144;144;OTHER;1;ALICE;;
145;145;OTHER;2;ALICE;;
146;146;OTHER;1;ALICE;;
147;147;OTHER;3;ALICE;;
148;148;OTHER;1;ALICE;;
149;149;OTHER;1;ALICE;;
150;150;OTHER;2;ALICE;;
151;151;OTHER;2;ALICE;;
152;152;OTHER;1;ALICE;;
153;153;OTHER;2;ALICE;;
154;154;OTHER;2;ALICE;;
155;155;OTHER;5;ALICE;;
156;156;VIEW_ARTWORK;20;ALICE;835669892;Painting acrylic on canvas
157;157;OTHER;17;ALICE;;
158;158;VIEW_ARTWORK;17;ALICE;835670793;Painting Acrylic on canvas
159;159;VIEW_ARTWORK;48;ALICE;835670698;Painting Acrylic, inc on canvas
160;160;VIEW_ARTWORK;5;ALICE;835670377;Painting Acrylic paint, acrylic spray, oil chalk, oil paint on canvas
161;161;VIEW_ARTWORK;36;ALICE;835670411;Painting Acrylic gouache on canvas
162;162;VIEW_ARTWORK;18;ALICE;835670377;Painting Acrylic paint, acrylic spray, oil chalk, oil paint on canvas
163;163;VIEW_ARTWORK;2;ALICE;835670578;Mixed Media Plywood, polyester, and custom silk rugs handmade in Kashmir
164;164;VIEW_ARTWORK;19;ALICE;835670614;Painting Oil paint, airbrush, and marble dust on canvas
165;165;VIEW_ARTWORK;33;ALICE;835670549;Painting Acrylic paint on canvas inset in custom frame, acrylic velvet, acrylic felt, glass beads, seaglass beads, druzy crystal, vintage pinback buttons, vintage plastic arrowhead, seashell, abalone, artificial sinew, nylon thread, nylon and cotton rope 
166;166;VIEW_ARTWORK;3;ALICE;835670721;Photography Archival pigment print auf Hahnemühle Photo Rag Baryta
167;167;VIEW_ARTWORK;40;ALICE;835670723;Work on Paper Gouache, watercolour, ink and graphite on paper
168;168;VIEW_ARTWORK;3;ALICE;835670349;Painting oil and oil stick on linen
169;169;VIEW_ARTWORK;42;ALICE;835671304;Painting oil on canvas
170;170;VIEW_ARTWORK;76;ALICE;835670903;Prints & Multiples A series of six enamel screenprints on Somerset Tub Sized Satin 600gsm paper
171;171;VIEW_ARTWORK;6;ALICE;835670694;Painting Oil and spray paint on pastel board mounted on canvas board
172;172;VIEW_ARTWORK;58;ALICE;835670731;Painting oil, crayon, pastel and gesso on canvas
173;173;OTHER;1;ALICE;;
174;174;OTHER;1;ALICE;;
175;175;OTHER;1;ALICE;;
176;176;OTHER;2;ALICE;;
177;177;OTHER;2;ALICE;;
178;178;OTHER;1;ALICE;;
179;179;OTHER;2;ALICE;;
180;180;OTHER;3;ALICE;;
182;182;OTHER;2;ALICE;;
181;181;OTHER;0;ALICE;;
183;183;OTHER;2;ALICE;;
184;184;OTHER;6;ALICE;;
185;185;VIEW_ARTWORK;39;ALICE;835668894;Work on Paper Gouache on paper
186;186;VIEW_ARTWORK;68;ALICE;835670550;Photography Gelatin silver print with hand-applied text
187;187;VIEW_ARTWORK;17;ALICE;835671306;Prints & Multiples colored woodcut print
188;188;OTHER;1;ALICE;;
189;189;OTHER;2;ALICE;;
190;190;OTHER;1;ALICE;;
191;191;OTHER;2;ALICE;;
192;192;OTHER;3;ALICE;;
193;193;OTHER;1;ALICE;;
194;194;OTHER;1;ALICE;;
195;195;OTHER;2;ALICE;;
196;196;OTHER;1;ALICE;;
197;197;OTHER;1;ALICE;;
198;198;OTHER;1;ALICE;;
199;199;OTHER;45;ALICE;;
200;200;VIEW_ARTWORK;37;ALICE;835670574;
201;201;VIEW_ARTWORK;47;ALICE;835670847;Other Materials cotton
202;202;VIEW_ARTWORK;32;ALICE;835671026;Prints & Multiples 19 color Silkscreen with aluminum leaf
203;203;OTHER;1;ALICE;;
204;204;OTHER;2;ALICE;;
205;205;OTHER;2;ALICE;;
206;206;OTHER;3;ALICE;;
207;207;OTHER;0;ALICE;;
208;208;OTHER;1;ALICE;;
209;209;OTHER;1;ALICE;;
210;210;OTHER;2;ALICE;;
211;211;OTHER;2;ALICE;;
212;212;OTHER;2;ALICE;;
213;213;OTHER;2;ALICE;;
214;214;OTHER;8;ALICE;;
215;215;OTHER;1;ALICE;;
216;216;OTHER;2;ALICE;;
217;217;OTHER;1;ALICE;;
218;218;OTHER;19;ALICE;;
219;219;VIEW_ARTWORK;64;ALICE;835670428;Painting Oil on cotton poly
220;220;VIEW_ARTWORK;3;ALICE;835669896;Painting Oil on Belgian linen
221;221;VIEW_ARTWORK;54;ALICE;835669897;Painting Oil on Belgian linen
222;222;VIEW_ARTWORK;14;ALICE;835670393;Mixed Media hand-tufted 100% New Zealand Wool, 12 mm pile
223;223;VIEW_ARTWORK;622;ALICE;835670469;Painting acrylic on paper 
224;224;OTHER;1;ALICE;;
225;225;OTHER;;ALICE;;
226;1;OTHER;24;BOB;;
227;2;OTHER;366;BOB;;
228;3;OTHER;65;BOB;;
229;4;VIEW_ARTWORK;7;BOB;835670609;Painting oil on aluminum
230;5;VIEW_ARTWORK;6;BOB;835670570;Sculpture steel, wood, enamel paint, acrylic paint, leather dye and finisher, repurposed leather and suede, stones, ox bone beads and assorted found beads, twine, and coated nylon thread
231;6;VIEW_ARTWORK;22;BOB;835670572;Painting acrylic on denim and black paper bags with southern colorado sand, brass grommets on a walnut awning frame
232;7;VIEW_ARTWORK;30;BOB;835670585;Sculpture kids black leather jacket, ironing board, 14k gold chain
233;8;VIEW_ARTWORK;8;BOB;835670613;Painting acrylic on canvas 
234;9;VIEW_ARTWORK;18;BOB;835670587;Painting inkjet print on canvas
235;10;VIEW_ARTWORK;16;BOB;835671017;Painting acrylic on canvas 
236;11;VIEW_ARTWORK;41;BOB;835671025;Painting acrylic on canvas 
237;12;OTHER;32;BOB;;
238;13;VIEW_ARTWORK;27;BOB;835668895;Other Materials wood, metal, screws, plastic, light bulbs, synthetic fabric and electrical components
239;14;VIEW_ARTWORK;12;BOB;835671016;Mixed Media painted wood 
240;15;VIEW_ARTWORK;11;BOB;835668992;Other Materials polychrome wood
241;16;VIEW_ARTWORK;18;BOB;835669092;Other Materials wood, nylon and metal
242;17;VIEW_ARTWORK;13;BOB;835668747;Painting oil on canvas
243;18;VIEW_ARTWORK;28;BOB;835668942;Sculpture acrylic on wood
244;19;VIEW_ARTWORK;17;BOB;835668795;Mixed Media palm tree trunk, painted leather, shells and beads
245;20;VIEW_ARTWORK;37;BOB;835669693;Painting acrylic on canvas
246;21;OTHER;34;BOB;;
247;22;OTHER;10;BOB;;
248;23;VIEW_ARTWORK;84;BOB;835673101;Mixed Media Mixed media on canvas
249;24;VIEW_ARTWORK;26;BOB;835673003;Painting Oil on panel 
250;25;VIEW_ARTWORK;10896;BOB;835673104;Sculpture Bronze, dyed canvas, photo transfer on canvas, and wire rope  
251;26;VIEW_ARTWORK;18;BOB;835673055;Painting Oil on canvas
252;27;VIEW_ARTWORK;15;BOB;835674052;Mixed Media Framed C-prints, laser-cut acrylic, maple wood spacers
253;28;VIEW_ARTWORK;6;BOB;835674157;Painting Oil paint and marble dust on canvas
254;29;VIEW_ARTWORK;7;BOB;835673102;Painting Oil on canvas
255;30;VIEW_ARTWORK;35;BOB;835673103;Painting Oil on canvas 
256;31;OTHER;75;BOB;;
257;32;OTHER;58;BOB;;
258;33;OTHER;25;BOB;;
259;34;VIEW_ARTWORK;10;BOB;835672751;Painting Oil, acrylic, spray paint, charcoal, graphite and paper on copper mesh
260;35;VIEW_ARTWORK;27;BOB;835672701;Sculpture Polished bronze and volcanic rock
261;36;VIEW_ARTWORK;24;BOB;835672702;Painting Acrylic on canvas
262;37;VIEW_ARTWORK;18;BOB;835672800;Painting Acrylic and Yule Quarry marble dust on canvas and textile with PVC marine vinyl and brass grommets and wood support
263;38;VIEW_ARTWORK;3;BOB;835672755;
264;39;VIEW_ARTWORK;3;BOB;835672753;Painting Mixed media
265;40;VIEW_ARTWORK;11;BOB;835672805;Painting Oil on canvas
266;41;VIEW_ARTWORK;26;BOB;835672804;Painting Acrylic on canvas
267;42;OTHER;45;BOB;;
268;43;VIEW_ARTWORK;38;BOB;835672757;Mixed Media Oil, mixed media on wood panel
269;44;VIEW_ARTWORK;10;BOB;835672705;Mixed Media Cotton twine, polypropylene rope, acrylic yarn, plastic, glass, metal, crystal, semi precious stone, wood and cowry sea shell beads, tiger tail wire, cotton and polycotton fabrics and fabric dyes
270;45;VIEW_ARTWORK;31;BOB;835673047;Painting Acrylic, oil, African cloth, spray paint, photo collage, glitter and crayon on wood panels
271;46;VIEW_ARTWORK;20;BOB;835673097;Sculpture Watercolor, pastel pencil, oil stick, needle holes on watercolor paper tinted with wild snowberries, plexiglass, wood, bronze screws
272;47;VIEW_ARTWORK;13;BOB;835673048;Painting Oil on canvas
273;48;VIEW_ARTWORK;17;BOB;835673049;Painting Acrylic on unstretched canvas
274;49;VIEW_ARTWORK;13;BOB;835673050;Painting Silkscreen on paper with hand-painted elements
275;50;VIEW_ARTWORK;21;BOB;835672999;Painting Acrylic, graphite, oil pastel, burlap
276;51;OTHER;25;BOB;;
277;52;OTHER;17;BOB;;
278;53;OTHER;55;BOB;;
279;54;OTHER;40;BOB;;
280;55;VIEW_ARTWORK;47;BOB;835673243;Painting acrylic on paper
281;56;OTHER;36;BOB;;
282;57;OTHER;20;BOB;;
283;58;VIEW_ARTWORK;22;BOB;835672594;Painting Oil on canvas in artist's frame
284;59;VIEW_ARTWORK;52;BOB;835672552;Painting Acrylic on canvas
285;60;VIEW_ARTWORK;55;BOB;835672551;Sculpture Oil, acrylic gouache, colored pencil on wood
286;61;VIEW_ARTWORK;2;BOB;835672806;Painting Oil on canvas
287;62;VIEW_ARTWORK;4;BOB;835672642;Painting Oil on canvas
288;63;VIEW_ARTWORK;18;BOB;835672595;Painting Dispersion on canvas
289;64;OTHER;14;BOB;;
290;65;OTHER;28;BOB;;
291;66;VIEW_ARTWORK;12;BOB;835671399;Painting oil on linen
292;67;VIEW_ARTWORK;19;BOB;835671400;Mixed Media acrylic and collaged cotton webbing on linen
293;68;VIEW_ARTWORK;14;BOB;835671401;Painting acrylic, collaged webbing and tarlatan on linen
294;69;VIEW_ARTWORK;15;BOB;835671361;Painting acrylic and dye on stitched canvas
295;70;VIEW_ARTWORK;13;BOB;835671360;Painting oil on linen
296;71;VIEW_ARTWORK;28;BOB;835671445;Painting oil on linen
297;72;OTHER;11400;BOB;;
298;73;OTHER;39;BOB;;
299;74;VIEW_ARTWORK;41;BOB;835671749;Painting Digital collage serigraph print with watercolor, ink, acrylic and oil on prepared canvas
300;75;VIEW_ARTWORK;32;BOB;835670246;Painting Acrylic on canvas stretched over aluminum panel
301;76;VIEW_ARTWORK;57;BOB;835671402;Painting Oil on linen
302;77;VIEW_ARTWORK;20;BOB;835670245;Painting Ink and screenprint on gessoed fiberglass
303;78;OTHER;80;BOB;;
304;79;VIEW_ARTWORK;45;BOB;835671746;Painting Tempera grassa, charcoal, and acrylic resin on jute
305;80;VIEW_ARTWORK;18;BOB;835670492;Painting Acrylic on canvas
306;81;VIEW_ARTWORK;33;BOB;835671748;Painting Acrylic on canvas
307;82;VIEW_ARTWORK;22;BOB;835673093;Painting Acrylic on canvas
308;83;OTHER;41;BOB;;
309;84;OTHER;16;BOB;;
310;85;VIEW_ARTWORK;29;BOB;835671194;Painting Oil on herringbone linen
311;86;VIEW_ARTWORK;10;BOB;835671244;Painting Acrylic on jute
312;87;VIEW_ARTWORK;34;BOB;835673601;Painting Acrylic on canvas on panel
313;88;VIEW_ARTWORK;4;BOB;835673599;Painting Carbon transfer and acrylic on linen
314;89;VIEW_ARTWORK;13;BOB;835671195;Other Materials CNC milled aluminium
315;90;VIEW_ARTWORK;12;BOB;835673602;Painting Flashe and oil on linen
316;91;VIEW_ARTWORK;15;BOB;835671193;Painting Oil on canvas
317;92;VIEW_ARTWORK;25;BOB;835673693;Sculpture Glazed ceramic
318;93;OTHER;30;BOB;;
319;94;VIEW_ARTWORK;31;BOB;835670792;Painting Acrylic, oil, charcoal on canvas
320;95;VIEW_ARTWORK;13;BOB;835670698;Painting Acrylic, inc on canvas
321;96;VIEW_ARTWORK;49;BOB;835670750;Painting Digital print, acrylic on canvas
322;97;VIEW_ARTWORK;42;BOB;835670747;Painting Acrylic on aluminium
323;98;VIEW_ARTWORK;31;BOB;835670748;Painting Acrylic on canvas
324;99;VIEW_ARTWORK;21;BOB;835670749;Sculpture Cardboard, papermaché, gaze, lacquer, dispersion
325;100;VIEW_ARTWORK;9;BOB;835670752;Painting Acrylic and charcoal on canvas
326;101;VIEW_ARTWORK;36;BOB;835670793;Painting Acrylic on canvas
327;102;OTHER;167;BOB;;
328;103;OTHER;26;BOB;;
329;104;OTHER;37;BOB;;
331;106;OTHER;38;BOB;;
330;105;OTHER;0;BOB;;
332;107;OTHER;120;BOB;;
333;108;VIEW_ARTWORK;21;BOB;835670442;Photography Gelatin silver print
334;109;OTHER;66;BOB;;
335;110;OTHER;54;BOB;;
336;111;VIEW_ARTWORK;35;BOB;835672799;Painting Oil on linen
337;112;VIEW_ARTWORK;13;BOB;835674099;Painting Oil on linen
338;113;VIEW_ARTWORK;15;BOB;835674154;Painting Oil, acrylic, glitter, gold, and palladium leaf on panel
339;114;VIEW_ARTWORK;;BOB;835674150;Work on Paper Crayon on hand-toned paper
340;1;OTHER;8;CAROL;;
341;2;OTHER;5;CAROL;;
342;3;VIEW_ARTWORK;12;CAROL;835672743;Painting oil on linen, in 3 parts, in artist's frame
343;4;OTHER;3;CAROL;;
344;5;VIEW_ARTWORK;18;CAROL;835672744;Painting acrylic on canvas on wood
345;6;OTHER;12;CAROL;;
346;7;OTHER;5;CAROL;;
347;8;OTHER;18;CAROL;;
348;9;VIEW_ARTWORK;8;CAROL;835671255;Painting Acrylic on canvas
349;10;OTHER;3;CAROL;;
350;11;VIEW_ARTWORK;6;CAROL;835671846;Painting Acrylic and pigment stick on linen
351;12;OTHER;1;CAROL;;
352;13;VIEW_ARTWORK;3;CAROL;835671846;Painting Acrylic and pigment stick on linen
353;14;OTHER;12;CAROL;;
354;15;VIEW_ARTWORK;3;CAROL;835671796;Painting Oil on canvas
355;16;OTHER;10;CAROL;;
356;17;VIEW_ARTWORK;7;CAROL;835671809;Work on Paper Oil on paperboard
357;18;OTHER;21;CAROL;;
358;19;VIEW_ARTWORK;3;CAROL;835673046;Painting Oil on canvas
359;20;OTHER;1;CAROL;;
360;21;OTHER;1;CAROL;;
361;22;OTHER;13;CAROL;;
362;23;OTHER;6;CAROL;;
363;24;OTHER;8;CAROL;;
364;25;VIEW_ARTWORK;11;CAROL;835673608;Painting Oil on linen
365;26;OTHER;1;CAROL;;
366;27;VIEW_ARTWORK;1;CAROL;835673608;Painting Oil on linen
367;28;OTHER;8;CAROL;;
368;29;VIEW_ARTWORK;8;CAROL;835673607;Sculpture Brass and mirror
369;30;OTHER;3;CAROL;;
370;31;VIEW_ARTWORK;1;CAROL;835673607;Sculpture Brass and mirror
371;32;OTHER;3;CAROL;;
372;33;VIEW_ARTWORK;10;CAROL;835673792;Sculpture Untitled (Splash)
373;34;OTHER;7;CAROL;;
374;35;OTHER;8;CAROL;;
375;36;OTHER;19;CAROL;;
376;37;VIEW_ARTWORK;6;CAROL;835670584;Other Materials Enamel on low-iron mirror, poplar and aluminum
377;38;OTHER;10;CAROL;;
378;39;VIEW_ARTWORK;11;CAROL;835670582;Painting Oil on linen
379;40;OTHER;9;CAROL;;
380;41;VIEW_ARTWORK;4;CAROL;835670536;Painting Oil and acrylic on linen
381;42;OTHER;2;CAROL;;
382;43;OTHER;7;CAROL;;
383;44;OTHER;13;CAROL;;
384;45;OTHER;13;CAROL;;
385;46;OTHER;14;CAROL;;
386;47;VIEW_ARTWORK;15;CAROL;835673654;
387;48;OTHER;2;CAROL;;
388;49;VIEW_ARTWORK;4;CAROL;835673654;
389;50;OTHER;23;CAROL;;
390;51;VIEW_ARTWORK;8;CAROL;835673625;
391;52;OTHER;6;CAROL;;
392;53;VIEW_ARTWORK;2;CAROL;835670456;
393;54;OTHER;2;CAROL;;
394;55;VIEW_ARTWORK;1;CAROL;835671909;
395;56;OTHER;3;CAROL;;
396;57;VIEW_ARTWORK;1;CAROL;835673654;
397;58;OTHER;1;CAROL;;
398;59;VIEW_ARTWORK;4;CAROL;835673654;
399;60;OTHER;2;CAROL;;
400;61;OTHER;14;CAROL;;
401;62;OTHER;19;CAROL;;
402;63;OTHER;3;CAROL;;
403;64;OTHER;22;CAROL;;
404;65;OTHER;7;CAROL;;
405;66;OTHER;10;CAROL;;
406;67;VIEW_ARTWORK;15;CAROL;835671104;Painting Oil on canvas
407;68;OTHER;6;CAROL;;
408;69;OTHER;9;CAROL;;
409;70;OTHER;14;CAROL;;
410;71;VIEW_ARTWORK;6;CAROL;835672192;Mixed Media Mixed media on canvas
411;72;OTHER;2;CAROL;;
412;73;OTHER;2;CAROL;;
413;74;OTHER;10;CAROL;;
414;75;OTHER;1;CAROL;;
415;76;OTHER;2;CAROL;;
416;77;OTHER;1;CAROL;;
417;78;OTHER;1;CAROL;;
418;79;OTHER;1;CAROL;;
419;80;OTHER;9;CAROL;;
420;81;OTHER;1;CAROL;;
421;82;OTHER;5;CAROL;;
422;83;OTHER;2;CAROL;;
423;84;OTHER;12;CAROL;;
424;85;OTHER;9;CAROL;;
425;86;OTHER;12;CAROL;;
426;87;VIEW_ARTWORK;8;CAROL;835670959;Sculpture peat moss, earth and plastic tarp
427;88;OTHER;2;CAROL;;
428;89;VIEW_ARTWORK;6;CAROL;835670917;Painting acrylic on dibond
429;90;OTHER;9;CAROL;;
430;91;OTHER;3;CAROL;;
431;92;OTHER;6;CAROL;;
432;93;VIEW_ARTWORK;5;CAROL;835670426;Sculpture Bronze, Macaubas
433;94;OTHER;14;CAROL;;
434;95;VIEW_ARTWORK;21;CAROL;835670551;Photography C-print
435;96;OTHER;5;CAROL;;
436;97;VIEW_ARTWORK;3;CAROL;835670523;Painting Acrylic on canvas
437;98;OTHER;1;CAROL;;
438;99;OTHER;1;CAROL;;
439;100;OTHER;7;CAROL;;
440;101;OTHER;3;CAROL;;
441;102;OTHER;4;CAROL;;
442;103;VIEW_ARTWORK;7;CAROL;835669042;Painting Oil on canvas
443;104;OTHER;4;CAROL;;
444;105;VIEW_ARTWORK;4;CAROL;835668697;Painting Acrylic on canvas
445;106;OTHER;6;CAROL;;
446;107;VIEW_ARTWORK;13;CAROL;835668793;Painting Acrylic on canvas
447;108;OTHER;6;CAROL;;
448;109;VIEW_ARTWORK;26;CAROL;835668748;Work on Paper Pastel on paper
449;110;OTHER;2;CAROL;;
450;111;OTHER;3;CAROL;;
451;112;OTHER;17;CAROL;;
452;113;VIEW_ARTWORK;24;CAROL;835671009;Other Materials black and white paper collage on birch wood, scroll cutting, walnut frame
453;114;OTHER;20;CAROL;;
454;115;VIEW_ARTWORK;7;CAROL;835670975;Other Materials cardboard
455;116;OTHER;2;CAROL;;
456;117;OTHER;3;CAROL;;
457;118;OTHER;5;CAROL;;
458;119;VIEW_ARTWORK;13;CAROL;835671344;Painting Oil on paper
459;120;OTHER;16;CAROL;;
460;121;OTHER;3;CAROL;;
461;122;OTHER;6;CAROL;;
462;123;VIEW_ARTWORK;50;CAROL;835670861;Painting Oil on canvas
463;124;OTHER;13;CAROL;;
464;125;VIEW_ARTWORK;15;CAROL;835670950;Work on Paper coloured pencil on paper
465;126;OTHER;14;CAROL;;
466;127;OTHER;16;CAROL;;
467;128;OTHER;17;CAROL;;
468;129;OTHER;3;CAROL;;
469;130;OTHER;4;CAROL;;
470;131;VIEW_ARTWORK;7;CAROL;835673911;Work on Paper Watercolor, acrylic, and collage on paper in four (4) parts
471;132;OTHER;1;CAROL;;
472;133;VIEW_ARTWORK;7;CAROL;835673911;Work on Paper Watercolor, acrylic, and collage on paper in four (4) parts
473;134;OTHER;13;CAROL;;
474;135;VIEW_ARTWORK;8;CAROL;835673864;Painting Oil on wood panel
475;136;OTHER;1;CAROL;;
476;137;VIEW_ARTWORK;0;CAROL;835673864;Painting Oil on wood panel
477;138;OTHER;3;CAROL;;
478;139;OTHER;12;CAROL;;
479;140;OTHER;10;CAROL;;
480;141;VIEW_ARTWORK;13;CAROL;835670775;Mixed Media Cut records on canvas and wood
481;142;OTHER;22;CAROL;;
482;143;OTHER;8;CAROL;;
483;144;OTHER;21;CAROL;;
484;145;OTHER;5;CAROL;;
485;146;OTHER;28;CAROL;;
486;147;OTHER;5;CAROL;;
487;148;OTHER;12;CAROL;;
488;149;VIEW_ARTWORK;25;CAROL;835670627;Painting Oil stick and gesso on canvas
489;150;OTHER;18;CAROL;;
490;151;VIEW_ARTWORK;26;CAROL;835670588;
491;152;OTHER;3;CAROL;;
492;153;VIEW_ARTWORK;3;CAROL;835670627;Painting Oil stick and gesso on canvas
493;154;OTHER;2;CAROL;;
494;155;OTHER;1;CAROL;;
495;156;OTHER;7;CAROL;;
496;157;OTHER;4;CAROL;;
497;158;OTHER;3;CAROL;;
498;159;OTHER;3;CAROL;;
499;160;OTHER;29;CAROL;;
500;161;OTHER;8;CAROL;;
501;162;OTHER;12;CAROL;;
502;163;VIEW_ARTWORK;14;CAROL;835670231;Painting acrylic on linen
503;164;OTHER;20;CAROL;;
504;165;OTHER;2;CAROL;;
505;166;OTHER;8;CAROL;;
506;167;OTHER;22;CAROL;;
507;168;OTHER;8;CAROL;;
508;169;VIEW_ARTWORK;9;CAROL;835672806;Painting Oil on canvas
509;170;OTHER;14;CAROL;;
510;171;VIEW_ARTWORK;1;CAROL;835672595;Painting Dispersion on canvas
511;172;OTHER;1;CAROL;;
512;173;OTHER;3;CAROL;;
513;174;OTHER;11;CAROL;;
514;175;VIEW_ARTWORK;8;CAROL;835671810;Painting oil on canvas
515;176;OTHER;2;CAROL;;
516;177;OTHER;2;CAROL;;
517;178;OTHER;4;CAROL;;
518;179;VIEW_ARTWORK;7;CAROL;835671810;Painting oil on canvas
519;180;OTHER;2;CAROL;;
520;181;OTHER;4;CAROL;;
521;182;OTHER;6;CAROL;;
522;183;VIEW_ARTWORK;10;CAROL;835670965;Prints & Multiples Monotype in oil on lanaquarelle
523;184;OTHER;5;CAROL;;
524;185;VIEW_ARTWORK;5;CAROL;835670970;Other Materials Cast and pigmented paper
525;186;OTHER;2;CAROL;;
526;187;VIEW_ARTWORK;1;CAROL;835670970;Other Materials Cast and pigmented paper
527;188;OTHER;3;CAROL;;
528;189;VIEW_ARTWORK;5;CAROL;835670971;Prints & Multiples Monoprint in oil with collage, engraving and embossment on handmade paper
529;190;OTHER;4;CAROL;;
530;191;VIEW_ARTWORK;12;CAROL;835670926;Prints & Multiples Monotype in crayon on Lanaquarelle paper
531;192;OTHER;3;CAROL;;
532;193;VIEW_ARTWORK;9;CAROL;835670927;Prints & Multiples Monotype in watercolor on lanaquarelle paper
533;194;OTHER;10;CAROL;;
534;195;VIEW_ARTWORK;3;CAROL;835670926;Prints & Multiples Monotype in crayon on Lanaquarelle paper
535;196;OTHER;1;CAROL;;
536;197;OTHER;12;CAROL;;
537;198;OTHER;29;CAROL;;
538;199;VIEW_ARTWORK;28;CAROL;835673965;Painting enamel on sicofoil
539;200;OTHER;3;CAROL;;
540;201;OTHER;2;CAROL;;
541;202;OTHER;26;CAROL;;
542;203;OTHER;9;CAROL;;
543;204;OTHER;10;CAROL;;
544;205;OTHER;11;CAROL;;
545;206;OTHER;24;CAROL;;
546;207;OTHER;4;CAROL;;
547;208;OTHER;15;CAROL;;
548;209;OTHER;18;CAROL;;
549;210;OTHER;22;CAROL;;
550;211;VIEW_ARTWORK;7;CAROL;835672492;Other Materials Stained-glass window, wire
551;212;OTHER;7;CAROL;;
552;213;VIEW_ARTWORK;7;CAROL;835670867;Mixed Media LED lights, felt, aluminum
553;214;OTHER;0;CAROL;;
554;215;VIEW_ARTWORK;3;CAROL;835670867;Mixed Media LED lights, felt, aluminum
555;216;OTHER;0;CAROL;;
556;217;OTHER;3;CAROL;;
557;218;OTHER;11;CAROL;;
558;219;VIEW_ARTWORK;7;CAROL;835672549;Painting Oil on hemp cloth
559;220;OTHER;8;CAROL;;
560;221;VIEW_ARTWORK;9;CAROL;835673617;Painting Oil and sand on canvas over board
561;222;OTHER;2;CAROL;;
562;223;OTHER;3;CAROL;;
563;224;OTHER;24;CAROL;;
564;225;OTHER;6;CAROL;;
565;226;OTHER;22;CAROL;;
566;227;OTHER;6;CAROL;;
567;228;OTHER;20;CAROL;;
568;229;VIEW_ARTWORK;15;CAROL;835672242;Mixed Media black & white print on paper, pasted on corrugated sheet, matte varnish
569;230;OTHER;3;CAROL;;
570;231;VIEW_ARTWORK;5;CAROL;835672293;Installation juta, mirror, gilded wood
571;232;OTHER;1;CAROL;;
572;233;OTHER;6;CAROL;;
573;234;OTHER;9;CAROL;;
574;235;VIEW_ARTWORK;7;CAROL;835673867;Painting Acrylic and Flashe on canvas
575;236;OTHER;24;CAROL;;
576;237;OTHER;4;CAROL;;
577;238;OTHER;6;CAROL;;
578;239;VIEW_ARTWORK;12;CAROL;835671060;Painting Bleach on rayon-covered board
579;240;OTHER;22;CAROL;;
580;241;OTHER;2;CAROL;;
581;242;OTHER;6;CAROL;;
582;243;VIEW_ARTWORK;4;CAROL;835669953;Painting Oil paint and cold wax on canvas
583;244;OTHER;23;CAROL;;
584;245;OTHER;12;CAROL;;
585;246;OTHER;5;CAROL;;
586;247;VIEW_ARTWORK;15;CAROL;835671593;Prints & Multiples 1 color etching
587;248;OTHER;20;CAROL;;
588;249;OTHER;6;CAROL;;
589;250;OTHER;10;CAROL;;
590;251;VIEW_ARTWORK;3;CAROL;835673765;Painting Oil on canvas
591;252;OTHER;11;CAROL;;
592;253;OTHER;3;CAROL;;
593;254;OTHER;47;CAROL;;
594;255;OTHER;5;CAROL;;
595;256;OTHER;18;CAROL;;
596;257;OTHER;10;CAROL;;
597;258;OTHER;22;CAROL;;
598;259;OTHER;1;CAROL;;
599;260;OTHER;7;CAROL;;
600;261;OTHER;1;CAROL;;
601;262;OTHER;9;CAROL;;
602;263;OTHER;2;CAROL;;
603;264;OTHER;17;CAROL;;
604;265;OTHER;22;CAROL;;
605;266;OTHER;5;CAROL;;
606;267;VIEW_ARTWORK;9;CAROL;835670482;Work on Paper Oil, oil crayon and graphite on paper 
607;268;OTHER;14;CAROL;;
608;269;OTHER;26;CAROL;;
609;270;OTHER;25;CAROL;;
610;271;VIEW_ARTWORK;3;CAROL;835671416;Painting Acrylic, collage, colour pencil, charcoal and transfers on paper
611;272;OTHER;1;CAROL;;
612;273;VIEW_ARTWORK;7;CAROL;835671416;Painting Acrylic, collage, colour pencil, charcoal and transfers on paper
613;274;OTHER;3;CAROL;;
614;275;OTHER;3;CAROL;;
615;276;OTHER;17;CAROL;;
616;277;OTHER;13;CAROL;;
617;278;OTHER;9;CAROL;;
618;279;OTHER;2;CAROL;;
619;280;OTHER;20;CAROL;;
620;281;OTHER;9;CAROL;;
621;282;OTHER;24;CAROL;;
622;283;OTHER;6;CAROL;;
623;284;OTHER;15;CAROL;;
624;285;OTHER;1;CAROL;;
625;286;OTHER;2;CAROL;;
626;287;OTHER;1;CAROL;;
627;288;OTHER;11;CAROL;;
628;289;OTHER;31;CAROL;;
629;290;OTHER;14;CAROL;;
630;291;VIEW_ARTWORK;50;CAROL;835671755;Painting Acrylic on canvas
631;292;OTHER;4;CAROL;;
632;293;VIEW_ARTWORK;4;CAROL;835671753;Other Materials Wool, silk, linen, pigment, dye
633;294;OTHER;2;CAROL;;
634;295;OTHER;44;CAROL;;
635;296;OTHER;14;CAROL;;
636;297;OTHER;3;CAROL;;
637;298;OTHER;25;CAROL;;
638;299;VIEW_ARTWORK;4;CAROL;835674153;Painting acrylic on canvas
639;300;OTHER;3;CAROL;;
640;301;OTHER;2;CAROL;;
641;302;OTHER;15;CAROL;;
642;303;OTHER;6;CAROL;;
643;304;OTHER;16;CAROL;;
644;305;OTHER;2;CAROL;;
645;306;OTHER;20;CAROL;;
646;307;OTHER;2;CAROL;;
647;308;OTHER;2;CAROL;;
648;309;OTHER;1;CAROL;;
649;310;OTHER;20;CAROL;;
650;311;OTHER;4;CAROL;;
651;312;OTHER;18;CAROL;;
652;313;OTHER;1;CAROL;;
653;314;OTHER;8;CAROL;;
654;315;OTHER;7;CAROL;;
655;316;OTHER;13;CAROL;;
656;317;VIEW_ARTWORK;11;CAROL;835674059;Mixed Media Paintstick, etching ink and silica on two sheets of handmade paper
657;318;OTHER;2;CAROL;;
658;319;VIEW_ARTWORK;9;CAROL;835674114;Work on Paper Colored pencil on paper (double-sided)
659;320;OTHER;9;CAROL;;
660;321;OTHER;22;CAROL;;
661;322;OTHER;;CAROL;;
662;1;OTHER;12;DAN;;
663;2;VIEW_ARTWORK;14;DAN;835670302;Painting Oil on linen
664;3;OTHER;7;DAN;;
665;4;VIEW_ARTWORK;2;DAN;835669953;Painting Oil paint and cold wax on canvas
666;5;OTHER;104;DAN;;
667;6;VIEW_ARTWORK;158;DAN;835670302;Painting Oil on linen
668;7;OTHER;26;DAN;;Painting Oil on linen
669;8;OTHER;16;DAN;;Painting Oil on linen
670;9;VIEW_ARTWORK;57;DAN;835670302;Painting Oil on linen
671;10;OTHER;50;DAN;;
672;11;VIEW_ARTWORK;82;DAN;835670302;Painting Oil on linen
673;12;OTHER;21;DAN;;
674;13;OTHER;6;DAN;;
675;14;OTHER;1;DAN;;
676;15;OTHER;2;DAN;;
677;16;OTHER;13;DAN;;
678;17;OTHER;7;DAN;;
679;18;OTHER;11;DAN;;
680;19;OTHER;2;DAN;;
681;20;OTHER;11;DAN;;
682;21;OTHER;5;DAN;;
683;22;OTHER;17;DAN;;
684;23;VIEW_ARTWORK;2;DAN;835672644;Sculpture Oil on wood
685;24;OTHER;16;DAN;;
686;25;OTHER;4;DAN;;
687;26;OTHER;7;DAN;;
688;27;OTHER;2;DAN;;
689;28;OTHER;15;DAN;;
690;29;OTHER;2;DAN;;
691;30;OTHER;10;DAN;;
692;31;OTHER;3;DAN;;
693;32;OTHER;18;DAN;;
694;33;OTHER;2;DAN;;
695;34;OTHER;13;DAN;;
696;35;OTHER;3;DAN;;
697;36;OTHER;17;DAN;;
698;37;OTHER;9;DAN;;
699;38;OTHER;24;DAN;;
700;39;OTHER;3;DAN;;
701;40;OTHER;18;DAN;;
702;41;OTHER;1;DAN;;
703;42;OTHER;11;DAN;;
704;43;OTHER;2;DAN;;
705;44;OTHER;14;DAN;;
706;45;OTHER;1;DAN;;
707;46;OTHER;17;DAN;;
708;47;OTHER;3;DAN;;
709;48;OTHER;26;DAN;;
710;49;OTHER;5;DAN;;
711;50;OTHER;30;DAN;;
712;51;OTHER;6;DAN;;
713;52;OTHER;29;DAN;;
714;53;OTHER;19;DAN;;
715;54;OTHER;2;DAN;;
716;55;OTHER;5;DAN;;
717;56;OTHER;2;DAN;;
718;57;VIEW_ARTWORK;50;DAN;835670302;Painting Oil on linen
719;58;OTHER;6;DAN;;
720;59;OTHER;6;DAN;;
721;60;OTHER;12;DAN;;
722;61;OTHER;2;DAN;;
723;62;OTHER;12;DAN;;
724;63;OTHER;2;DAN;;
725;64;OTHER;26;DAN;;
726;65;OTHER;2;DAN;;
727;66;OTHER;6;DAN;;
728;67;OTHER;4;DAN;;
729;68;OTHER;12;DAN;;
730;69;OTHER;30;DAN;;
731;70;OTHER;16;DAN;;
732;71;OTHER;2;DAN;;
733;72;OTHER;15;DAN;;
734;73;OTHER;4;DAN;;
735;74;OTHER;8;DAN;;
736;75;OTHER;1;DAN;;
737;76;OTHER;22;DAN;;
738;77;OTHER;4;DAN;;
739;78;OTHER;22;DAN;;
740;79;OTHER;6;DAN;;
741;80;OTHER;5;DAN;;
742;81;OTHER;1;DAN;;
743;82;OTHER;12;DAN;;
744;83;OTHER;3;DAN;;
745;84;OTHER;21;DAN;;
746;85;OTHER;4;DAN;;
747;86;OTHER;11;DAN;;
748;87;OTHER;3;DAN;;
749;88;OTHER;10;DAN;;
750;89;OTHER;2;DAN;;
751;90;OTHER;6;DAN;;
752;91;OTHER;7;DAN;;
753;92;OTHER;34;DAN;;
754;93;VIEW_ARTWORK;3;DAN;835671809;Work on Paper Oil on paperboard
755;94;OTHER;9;DAN;;
756;95;OTHER;2;DAN;;
757;96;OTHER;16;DAN;;
758;97;OTHER;2;DAN;;
759;98;OTHER;18;DAN;;
760;99;OTHER;3;DAN;;
761;100;OTHER;12;DAN;;
762;101;OTHER;3;DAN;;
763;102;OTHER;12;DAN;;
764;103;OTHER;5;DAN;;
765;104;OTHER;14;DAN;;
766;105;VIEW_ARTWORK;22;DAN;835670503;
767;106;OTHER;12;DAN;;
768;107;OTHER;6;DAN;;
769;108;OTHER;11;DAN;;
770;109;OTHER;2;DAN;;
771;110;OTHER;25;DAN;;
772;111;OTHER;2;DAN;;
773;112;OTHER;12;DAN;;
774;113;OTHER;2;DAN;;
775;114;OTHER;11;DAN;;
776;115;OTHER;1;DAN;;
777;116;OTHER;17;DAN;;
778;117;OTHER;2;DAN;;
779;118;OTHER;17;DAN;;
780;119;OTHER;5;DAN;;
781;120;OTHER;4;DAN;;
782;121;OTHER;3;DAN;;
783;122;OTHER;18;DAN;;
784;123;OTHER;6;DAN;;
785;124;OTHER;4;DAN;;
786;125;OTHER;2;DAN;;
787;126;OTHER;30;DAN;;
788;127;OTHER;3;DAN;;
789;128;OTHER;17;DAN;;
790;129;OTHER;5;DAN;;
791;130;OTHER;12;DAN;;
792;131;VIEW_ARTWORK;44;DAN;835670857;Painting Oil on canvas
793;132;OTHER;14;DAN;;
794;133;OTHER;2;DAN;;
795;134;OTHER;14;DAN;;
796;135;OTHER;12;DAN;;
797;136;OTHER;15;DAN;;
798;137;OTHER;8;DAN;;
799;138;OTHER;12;DAN;;
800;139;OTHER;3;DAN;;
801;140;OTHER;19;DAN;;
802;141;OTHER;2;DAN;;
803;142;OTHER;1;DAN;;
804;143;OTHER;4;DAN;;
805;144;OTHER;21;DAN;;
806;145;OTHER;4;DAN;;
807;146;OTHER;28;DAN;;
808;147;OTHER;3;DAN;;
809;148;OTHER;6;DAN;;
810;149;OTHER;9;DAN;;
811;150;OTHER;3;DAN;;
812;151;OTHER;7;DAN;;
813;152;OTHER;19;DAN;;
814;153;OTHER;4;DAN;;
815;154;OTHER;22;DAN;;
816;155;VIEW_ARTWORK;9;DAN;835670946;Painting oil on canvas
817;156;OTHER;7;DAN;;
818;157;OTHER;6;DAN;;
819;158;OTHER;13;DAN;;
820;159;OTHER;5;DAN;;
821;160;OTHER;16;DAN;;
822;161;OTHER;4;DAN;;
823;162;OTHER;8;DAN;;
824;163;OTHER;2;DAN;;
825;164;OTHER;12;DAN;;
826;165;VIEW_ARTWORK;19;DAN;835670254;Painting oil on paper, 2 modules, 1 cut out 
827;166;OTHER;18;DAN;;
828;167;OTHER;9;DAN;;
829;168;OTHER;9;DAN;;
830;169;OTHER;5;DAN;;
831;170;OTHER;21;DAN;;
832;171;VIEW_ARTWORK;17;DAN;835671206;Sculpture Copper plate, patina, stainless steel, aragonite, desert rose, pirite, quartz, copal, candle, palm brooms, ceramics, pallares, coca leaves, corn, copper ropes.
833;172;OTHER;9;DAN;;
834;173;OTHER;5;DAN;;
835;174;OTHER;15;DAN;;
836;175;OTHER;3;DAN;;
837;176;OTHER;6;DAN;;
838;177;OTHER;7;DAN;;
839;178;OTHER;19;DAN;;
840;179;VIEW_ARTWORK;20;DAN;835673013;Painting Modules of enamelled metal
841;180;OTHER;8;DAN;;
842;181;OTHER;3;DAN;;
843;182;OTHER;20;DAN;;
844;183;OTHER;2;DAN;;
845;184;OTHER;35;DAN;;
846;185;OTHER;8;DAN;;
847;186;OTHER;18;DAN;;
848;187;OTHER;2;DAN;;
849;188;OTHER;17;DAN;;
850;189;OTHER;4;DAN;;
851;190;OTHER;10;DAN;;
852;191;VIEW_ARTWORK;38;DAN;835670979;Installation Vintage wooden frames
853;192;OTHER;3;DAN;;
854;193;VIEW_ARTWORK;6;DAN;835670979;Installation Vintage wooden frames
855;194;OTHER;8;DAN;;Installation Vintage wooden frames
856;195;OTHER;3;DAN;;Installation Vintage wooden frames
857;196;VIEW_ARTWORK;1;DAN;835670979;Installation Vintage wooden frames
858;197;OTHER;94;DAN;;
859;198;OTHER;6;DAN;;
860;199;OTHER;29;DAN;;
861;200;OTHER;4;DAN;;
862;201;OTHER;12;DAN;;
863;202;OTHER;7;DAN;;
864;203;OTHER;10;DAN;;
865;204;OTHER;7;DAN;;
866;205;OTHER;25;DAN;;
867;206;OTHER;8;DAN;;
868;207;OTHER;9;DAN;;
869;208;OTHER;3;DAN;;
870;209;OTHER;24;DAN;;
871;210;OTHER;94;DAN;;
872;211;OTHER;25;DAN;;
873;212;OTHER;86;DAN;;
874;213;OTHER;14;DAN;;
875;214;OTHER;6;DAN;;
876;215;OTHER;103;DAN;;
877;216;OTHER;5;DAN;;
878;217;OTHER;23;DAN;;
879;218;OTHER;6;DAN;;
880;219;OTHER;8;DAN;;
881;220;OTHER;2;DAN;;
882;221;OTHER;13;DAN;;
883;222;OTHER;4;DAN;;
884;223;OTHER;9;DAN;;
885;224;OTHER;5;DAN;;
886;225;OTHER;14;DAN;;
887;226;OTHER;4;DAN;;
888;227;OTHER;23;DAN;;
889;228;OTHER;5;DAN;;
890;229;OTHER;17;DAN;;
891;230;OTHER;5;DAN;;
892;231;OTHER;20;DAN;;
893;232;OTHER;3;DAN;;
894;233;OTHER;19;DAN;;
895;234;OTHER;3;DAN;;
896;235;OTHER;19;DAN;;
897;236;OTHER;4;DAN;;
898;237;OTHER;16;DAN;;
899;238;OTHER;7;DAN;;
900;239;OTHER;47;DAN;;
901;240;OTHER;12;DAN;;
902;241;OTHER;12;DAN;;
903;242;OTHER;7;DAN;;
904;243;OTHER;14;DAN;;
905;244;OTHER;3;DAN;;
906;245;OTHER;11;DAN;;
907;246;VIEW_ARTWORK;42;DAN;835667893;Painting oil on canvas
908;247;OTHER;6;DAN;;
909;248;VIEW_ARTWORK;4;DAN;835668092;Other Materials cotton, linen, pigmented acrylic fiber
910;249;OTHER;56;DAN;;
911;250;OTHER;4;DAN;;
912;251;OTHER;13;DAN;;
913;252;OTHER;2;DAN;;
914;253;OTHER;34;DAN;;
915;254;OTHER;6;DAN;;
916;255;OTHER;10;DAN;;
917;256;VIEW_ARTWORK;16;DAN;835670725;Other Materials wool, cotton, linen
918;257;OTHER;24;DAN;;
919;258;OTHER;9;DAN;;
920;259;OTHER;9;DAN;;
921;260;OTHER;4;DAN;;
922;261;OTHER;12;DAN;;
923;262;OTHER;6;DAN;;
924;263;OTHER;13;DAN;;
925;264;OTHER;3;DAN;;
926;265;OTHER;20;DAN;;
927;266;OTHER;2;DAN;;
928;267;OTHER;29;DAN;;
929;268;OTHER;3;DAN;;
930;269;OTHER;15;DAN;;
931;270;OTHER;7;DAN;;
932;271;OTHER;18;DAN;;
933;272;OTHER;5;DAN;;
934;273;OTHER;18;DAN;;
935;274;OTHER;5;DAN;;
936;275;OTHER;17;DAN;;
937;276;OTHER;15;DAN;;
938;277;OTHER;8;DAN;;
939;278;OTHER;4;DAN;;
940;279;OTHER;17;DAN;;
941;280;VIEW_ARTWORK;26;DAN;835670495;Painting Oil on canvas 
942;281;OTHER;8;DAN;;
943;282;OTHER;5;DAN;;
944;283;OTHER;16;DAN;;
945;284;OTHER;6;DAN;;
946;285;OTHER;20;DAN;;
947;286;OTHER;5;DAN;;
948;287;OTHER;16;DAN;;
949;288;OTHER;9;DAN;;
950;289;OTHER;12;DAN;;
951;290;OTHER;7;DAN;;
952;291;OTHER;8;DAN;;
953;292;OTHER;13;DAN;;
954;293;OTHER;12;DAN;;
955;294;VIEW_ARTWORK;14;DAN;835670902;Work on Paper pastel and pencil on paper
956;295;OTHER;16;DAN;;
957;296;OTHER;12;DAN;;
958;297;OTHER;18;DAN;;
959;298;OTHER;9;DAN;;
960;299;OTHER;17;DAN;;
961;300;OTHER;3;DAN;;
962;301;OTHER;11;DAN;;
963;302;OTHER;2;DAN;;
964;303;OTHER;17;DAN;;
965;304;OTHER;3;DAN;;
966;305;OTHER;26;DAN;;
967;306;OTHER;3;DAN;;
968;307;OTHER;11;DAN;;
969;308;OTHER;5;DAN;;
970;309;OTHER;14;DAN;;
971;310;OTHER;4;DAN;;
972;311;OTHER;5;DAN;;
973;312;OTHER;4;DAN;;
974;313;OTHER;14;DAN;;
975;314;OTHER;13;DAN;;
976;315;OTHER;10;DAN;;
977;316;OTHER;3;DAN;;
978;317;OTHER;13;DAN;;
979;318;OTHER;6;DAN;;
980;319;OTHER;7;DAN;;
981;320;OTHER;7;DAN;;
982;321;OTHER;13;DAN;;
983;322;OTHER;2;DAN;;
984;323;OTHER;20;DAN;;
985;324;VIEW_ARTWORK;6;DAN;835670928;Prints & Multiples Collage with silkscreen, etching, cut paper, cast paper, cast resin, thread, and laser engraving on water colored, handmade paper
986;325;OTHER;7;DAN;;
987;326;OTHER;3;DAN;;
988;327;OTHER;27;DAN;;
989;328;OTHER;4;DAN;;
990;329;OTHER;9;DAN;;
991;330;OTHER;14;DAN;;
992;331;OTHER;5;DAN;;
993;332;OTHER;5;DAN;;
994;333;OTHER;14;DAN;;
995;334;OTHER;26;DAN;;
996;335;OTHER;12;DAN;;
997;336;OTHER;3;DAN;;
998;337;OTHER;6;DAN;;
999;338;OTHER;4;DAN;;
1000;339;OTHER;24;DAN;;
1001;340;OTHER;4;DAN;;
1002;341;OTHER;18;DAN;;
1003;342;OTHER;1;DAN;;
1004;343;OTHER;28;DAN;;
1005;344;OTHER;3;DAN;;
1006;345;OTHER;2;DAN;;
1007;346;VIEW_ARTWORK;6;DAN;835674512;Sculpture Paint, glass, zinc coated metal, colored epoxy resin
1008;347;OTHER;17;DAN;;
1009;348;OTHER;2;DAN;;
1010;349;OTHER;28;DAN;;
1011;350;OTHER;6;DAN;;
1012;351;OTHER;22;DAN;;
1013;352;VIEW_ARTWORK;12;DAN;835674076;Work on Paper ink, graphite and colored pencil on paper
1014;353;OTHER;21;DAN;;
1015;354;OTHER;4;DAN;;
1016;355;OTHER;8;DAN;;
1017;356;OTHER;4;DAN;;
1018;357;OTHER;8;DAN;;
1019;358;OTHER;3;DAN;;
1020;359;OTHER;15;DAN;;
1021;360;OTHER;3;DAN;;
1022;361;OTHER;9;DAN;;
1023;362;OTHER;3;DAN;;
1024;363;OTHER;10;DAN;;
1025;364;OTHER;2;DAN;;
1026;365;OTHER;22;DAN;;
1027;366;OTHER;4;DAN;;
1028;367;OTHER;7;DAN;;
1029;368;OTHER;4;DAN;;
1030;369;OTHER;17;DAN;;
1031;370;OTHER;15;DAN;;
1032;371;VIEW_ARTWORK;399;DAN;835670302;Painting Oil on linen
1033;372;VIEW_ARTWORK;78;DAN;835670302;Painting Oil on linen
1034;373;VIEW_ARTWORK;;DAN;835670302;Painting Oil on linen
